<?xml version="1.0" encoding="UTF-8"?>
<!DOCTYPE plist PUBLIC "-//Apple Computer//DTD PLIST 1.0//EN" "http://www.apple.com/DTDs/PropertyList-1.0.dtd">
<plist version="1.0">
<dict>
	<key>nodeAttributes</key>
	<dict>
		<key>category</key>
		<string>Kineme</string>
		<key>copyright</key>
		<string>Copyright 2007 Kosada Incorporated. All rights reserved.</string>
		<key>description</key>
		<string>This patch runs an arbitrary shell command using the user's default shell on the rising edge of Trigger.

Commands are run in separate threads, so they don't need to finish right away.

Commands can overlap;  in other words, one can start before a previous command finishes. 

Note: Commands which generate endless amounts of input will eventually consume all available memory;  output is buffered until the command finishes.

http://kineme.net/</string>
		<key>name</key>
		<string>Shell Command</string>
	</dict>
	<key>inputAttributes</key>
	<dict>
		<key>inputTrigger</key>
		<dict>
			<key>description</key>
			<string>Input Trigger</string>
			<key>name</key>
			<string>Trigger</string>
		</dict>
		<key>inputCommand</key>
		<dict>
			<key>description</key>
			<string>Shell Command</string>
			<key>name</key>
			<string>Command</string>
		</dict>
	</dict>
	<key>outputAttributes</key>
	<dict>
		<key>outputOutput</key>
		<dict>
			<key>description</key>
			<string>Command's output</string>
			<key>name</key>
			<string>Output</string>
		</dict>
		<key>outputIsRunning</key>
		<dict>
			<key>description</key>
			<string>Is The Command Still Running</string>
			<key>name</key>
			<string>Running</string>
		</dict>
		<key>outputReturnValue</key>
		<dict>
			<key>description</key>
			<string>Command's Return Value</string>
			<key>name</key>
			<string>Return</string>
		</dict>
	</dict>
</dict>
</plist>
